DATAFLOW,LAST UPDATE,freq,tra_infr,unit,geo,TIME_PERIOD,OBS_VALUE,OBS_FLAG
ESTAT:SDG_11_40(1.0),11/05/23 11:00:00,A,TOTAL,RT,AT,2000,12.2,
ESTAT:SDG_11_40(1.0),11/05/23 11:00:00,A,TOTAL,RT,AT,2001,11.9,
ESTAT:SDG_11_40(1.0),11/05/23 11:00:00,A,TOTAL,RT,AT,2002,11.8,
ESTAT:SDG_11_40(1.0),11/05/23 11:00:00,A,TOTAL,RT,AT,2003,11.5,
ESTAT:SDG_11_40(1.0),11/05/23 11:00:00,A,TOTAL,RT,AT,2004,10.7,
ESTAT:SDG_11_40(1.0),11/05/23 11:00:00,A,TOTAL,RT,AT,2005,9.3,
ESTAT:SDG_11_40(1.0),11/05/23 11:00:00,A,TOTAL,RT,AT,2006,8.8,
ESTAT:SDG_11_40(1.0),11/05/23 11:00:00,A,TOTAL,RT,AT,2007,8.3,
ESTAT:SDG_11_40(1.0),11/05/23 11:00:00,A,TOTAL,RT,AT,2008,8.2,
ESTAT:SDG_11_40(1.0),11/05/23 11:00:00,A,TOTAL,RT,AT,2009,7.6,
ESTAT:SDG_11_40(1.0),11/05/23 11:00:00,A,TOTAL,RT,AT,2010,6.6,
ESTAT:SDG_11_40(1.0),11/05/23 11:00:00,A,TOTAL,RT,AT,2011,6.2,
ESTAT:SDG_11_40(1.0),11/05/23 11:00:00,A,TOTAL,RT,AT,2012,6.3,
ESTAT:SDG_11_40(1.0),11/05/23 11:00:00,A,TOTAL,RT,AT,2013,5.4,
ESTAT:SDG_11_40(1.0),11/05/23 11:00:00,A,TOTAL,RT,AT,2014,5.0,
ESTAT:SDG_11_40(1.0),11/05/23 11:00:00,A,TOTAL,RT,AT,2015,5.5,
ESTAT:SDG_11_40(1.0),11/05/23 11:00:00,A,TOTAL,RT,AT,2016,4.9,
ESTAT:SDG_11_40(1.0),11/05/23 11:00:00,A,TOTAL,RT,AT,2017,4.7,
ESTAT:SDG_11_40(1.0),11/05/23 11:00:00,A,TOTAL,RT,AT,2018,4.6,
ESTAT:SDG_11_40(1.0),11/05/23 11:00:00,A,TOTAL,RT,AT,2019,4.7,
ESTAT:SDG_11_40(1.0),11/05/23 11:00:00,A,TOTAL,RT,AT,2020,3.9,
ESTAT:SDG_11_40(1.0),11/05/23 11:00:00,A,TOTAL,RT,AT,2021,4.0,
ESTAT:SDG_11_40(1.0),11/05/23 11:00:00,A,TOTAL,RT,BE,2000,14.3,
ESTAT:SDG_11_40(1.0),11/05/23 11:00:00,A,TOTAL,RT,BE,2001,14.4,
ESTAT:SDG_11_40(1.0),11/05/23 11:00:00,A,TOTAL,RT,BE,2002,12.6,
ESTAT:SDG_11_40(1.0),11/05/23 11:00:00,A,TOTAL,RT,BE,2003,11.7,
ESTAT:SDG_11_40(1.0),11/05/23 11:00:00,A,TOTAL,RT,BE,2004,11.2,
ESTAT:SDG_11_40(1.0),11/05/23 11:00:00,A,TOTAL,RT,BE,2005,10.4,
ESTAT:SDG_11_40(1.0),11/05/23 11:00:00,A,TOTAL,RT,BE,2006,10.1,
ESTAT:SDG_11_40(1.0),11/05/23 11:00:00,A,TOTAL,RT,BE,2007,10.1,
ESTAT:SDG_11_40(1.0),11/05/23 11:00:00,A,TOTAL,RT,BE,2008,8.8,
ESTAT:SDG_11_40(1.0),11/05/23 11:00:00,A,TOTAL,RT,BE,2009,8.7,
ESTAT:SDG_11_40(1.0),11/05/23 11:00:00,A,TOTAL,RT,BE,2010,7.8,
ESTAT:SDG_11_40(1.0),11/05/23 11:00:00,A,TOTAL,RT,BE,2011,8.0,b
ESTAT:SDG_11_40(1.0),11/05/23 11:00:00,A,TOTAL,RT,BE,2012,7.4,b
ESTAT:SDG_11_40(1.0),11/05/23 11:00:00,A,TOTAL,RT,BE,2013,6.8,
ESTAT:SDG_11_40(1.0),11/05/23 11:00:00,A,TOTAL,RT,BE,2014,6.6,
ESTAT:SDG_11_40(1.0),11/05/23 11:00:00,A,TOTAL,RT,BE,2015,6.8,
ESTAT:SDG_11_40(1.0),11/05/23 11:00:00,A,TOTAL,RT,BE,2016,5.9,
ESTAT:SDG_11_40(1.0),11/05/23 11:00:00,A,TOTAL,RT,BE,2017,5.4,
ESTAT:SDG_11_40(1.0),11/05/23 11:00:00,A,TOTAL,RT,BE,2018,5.3,
ESTAT:SDG_11_40(1.0),11/05/23 11:00:00,A,TOTAL,RT,BE,2019,5.6,
ESTAT:SDG_11_40(1.0),11/05/23 11:00:00,A,TOTAL,RT,BE,2020,4.3,
ESTAT:SDG_11_40(1.0),11/05/23 11:00:00,A,TOTAL,RT,BE,2021,4.5,
ESTAT:SDG_11_40(1.0),11/05/23 11:00:00,A,TOTAL,RT,BG,2000,12.4,
ESTAT:SDG_11_40(1.0),11/05/23 11:00:00,A,TOTAL,RT,BG,2001,12.6,
ESTAT:SDG_11_40(1.0),11/05/23 11:00:00,A,TOTAL,RT,BG,2002,12.2,
ESTAT:SDG_11_40(1.0),11/05/23 11:00:00,A,TOTAL,RT,BG,2003,12.3,
ESTAT:SDG_11_40(1.0),11/05/23 11:00:00,A,TOTAL,RT,BG,2004,12.2,
ESTAT:SDG_11_40(1.0),11/05/23 11:00:00,A,TOTAL,RT,BG,2005,12.5,
ESTAT:SDG_11_40(1.0),11/05/23 11:00:00,A,TOTAL,RT,BG,2006,13.7,
ESTAT:SDG_11_40(1.0),11/05/23 11:00:00,A,TOTAL,RT,BG,2007,13.3,
ESTAT:SDG_11_40(1.0),11/05/23 11:00:00,A,TOTAL,RT,BG,2008,14.2,
ESTAT:SDG_11_40(1.0),11/05/23 11:00:00,A,TOTAL,RT,BG,2009,12.1,
ESTAT:SDG_11_40(1.0),11/05/23 11:00:00,A,TOTAL,RT,BG,2010,10.5,
ESTAT:SDG_11_40(1.0),11/05/23 11:00:00,A,TOTAL,RT,BG,2011,8.9,
ESTAT:SDG_11_40(1.0),11/05/23 11:00:00,A,TOTAL,RT,BG,2012,8.2,
ESTAT:SDG_11_40(1.0),11/05/23 11:00:00,A,TOTAL,RT,BG,2013,8.3,
ESTAT:SDG_11_40(1.0),11/05/23 11:00:00,A,TOTAL,RT,BG,2014,9.2,
ESTAT:SDG_11_40(1.0),11/05/23 11:00:00,A,TOTAL,RT,BG,2015,9.9,
ESTAT:SDG_11_40(1.0),11/05/23 11:00:00,A,TOTAL,RT,BG,2016,9.9,
ESTAT:SDG_11_40(1.0),11/05/23 11:00:00,A,TOTAL,RT,BG,2017,9.6,
ESTAT:SDG_11_40(1.0),11/05/23 11:00:00,A,TOTAL,RT,BG,2018,8.7,
ESTAT:SDG_11_40(1.0),11/05/23 11:00:00,A,TOTAL,RT,BG,2019,9.0,
ESTAT:SDG_11_40(1.0),11/05/23 11:00:00,A,TOTAL,RT,BG,2020,6.7,
ESTAT:SDG_11_40(1.0),11/05/23 11:00:00,A,TOTAL,RT,BG,2021,8.2,
ESTAT:SDG_11_40(1.0),11/05/23 11:00:00,A,TOTAL,RT,CH,2000,8.2,
ESTAT:SDG_11_40(1.0),11/05/23 11:00:00,A,TOTAL,RT,CH,2001,7.5,
ESTAT:SDG_11_40(1.0),11/05/23 11:00:00,A,TOTAL,RT,CH,2002,7.0,
ESTAT:SDG_11_40(1.0),11/05/23 11:00:00,A,TOTAL,RT,CH,2003,7.4,
ESTAT:SDG_11_40(1.0),11/05/23 11:00:00,A,TOTAL,RT,CH,2004,6.9,
ESTAT:SDG_11_40(1.0),11/05/23 11:00:00,A,TOTAL,RT,CH,2005,5.5,
ESTAT:SDG_11_40(1.0),11/05/23 11:00:00,A,TOTAL,RT,CH,2006,4.9,
ESTAT:SDG_11_40(1.0),11/05/23 11:00:00,A,TOTAL,RT,CH,2007,5.1,
ESTAT:SDG_11_40(1.0),11/05/23 11:00:00,A,TOTAL,RT,CH,2008,4.7,
ESTAT:SDG_11_40(1.0),11/05/23 11:00:00,A,TOTAL,RT,CH,2009,4.5,
ESTAT:SDG_11_40(1.0),11/05/23 11:00:00,A,TOTAL,RT,CH,2010,4.2,
ESTAT:SDG_11_40(1.0),11/05/23 11:00:00,A,TOTAL,RT,CH,2011,4.0,b
ESTAT:SDG_11_40(1.0),11/05/23 11:00:00,A,TOTAL,RT,CH,2012,4.2,
ESTAT:SDG_11_40(1.0),11/05/23 11:00:00,A,TOTAL,RT,CH,2013,3.3,
ESTAT:SDG_11_40(1.0),11/05/23 11:00:00,A,TOTAL,RT,CH,2014,3.0,
ESTAT:SDG_11_40(1.0),11/05/23 11:00:00,A,TOTAL,RT,CH,2015,3.1,
ESTAT:SDG_11_40(1.0),11/05/23 11:00:00,A,TOTAL,RT,CH,2016,2.6,
ESTAT:SDG_11_40(1.0),11/05/23 11:00:00,A,TOTAL,RT,CH,2017,2.7,
ESTAT:SDG_11_40(1.0),11/05/23 11:00:00,A,TOTAL,RT,CH,2018,2.7,
ESTAT:SDG_11_40(1.0),11/05/23 11:00:00,A,TOTAL,RT,CH,2019,2.2,
ESTAT:SDG_11_40(1.0),11/05/23 11:00:00,A,TOTAL,RT,CH,2020,2.6,
ESTAT:SDG_11_40(1.0),11/05/23 11:00:00,A,TOTAL,RT,CH,2021,2.3,
ESTAT:SDG_11_40(1.0),11/05/23 11:00:00,A,TOTAL,RT,CY,2000,16.0,
ESTAT:SDG_11_40(1.0),11/05/23 11:00:00,A,TOTAL,RT,CY,2001,14.0,
ESTAT:SDG_11_40(1.0),11/05/23 11:00:00,A,TOTAL,RT,CY,2002,13.2,
ESTAT:SDG_11_40(1.0),11/05/23 11:00:00,A,TOTAL,RT,CY,2003,13.5,
ESTAT:SDG_11_40(1.0),11/05/23 11:00:00,A,TOTAL,RT,CY,2004,16.1,
ESTAT:SDG_11_40(1.0),11/05/23 11:00:00,A,TOTAL,RT,CY,2005,13.8,
ESTAT:SDG_11_40(1.0),11/05/23 11:00:00,A,TOTAL,RT,CY,2006,11.5,
ESTAT:SDG_11_40(1.0),11/05/23 11:00:00,A,TOTAL,RT,CY,2007,11.6,
ESTAT:SDG_11_40(1.0),11/05/23 11:00:00,A,TOTAL,RT,CY,2008,10.4,
ESTAT:SDG_11_40(1.0),11/05/23 11:00:00,A,TOTAL,RT,CY,2009,8.8,
ESTAT:SDG_11_40(1.0),11/05/23 11:00:00,A,TOTAL,RT,CY,2010,7.2,
ESTAT:SDG_11_40(1.0),11/05/23 11:00:00,A,TOTAL,RT,CY,2011,8.3,
ESTAT:SDG_11_40(1.0),11/05/23 11:00:00,A,TOTAL,RT,CY,2012,5.9,
ESTAT:SDG_11_40(1.0),11/05/23 11:00:00,A,TOTAL,RT,CY,2013,5.1,
ESTAT:SDG_11_40(1.0),11/05/23 11:00:00,A,TOTAL,RT,CY,2014,5.3,
ESTAT:SDG_11_40(1.0),11/05/23 11:00:00,A,TOTAL,RT,CY,2015,6.7,
ESTAT:SDG_11_40(1.0),11/05/23 11:00:00,A,TOTAL,RT,CY,2016,5.4,
ESTAT:SDG_11_40(1.0),11/05/23 11:00:00,A,TOTAL,RT,CY,2017,6.2,
ESTAT:SDG_11_40(1.0),11/05/23 11:00:00,A,TOTAL,RT,CY,2018,5.6,
ESTAT:SDG_11_40(1.0),11/05/23 11:00:00,A,TOTAL,RT,CY,2019,5.9,
ESTAT:SDG_11_40(1.0),11/05/23 11:00:00,A,TOTAL,RT,CY,2020,5.4,
ESTAT:SDG_11_40(1.0),11/05/23 11:00:00,A,TOTAL,RT,CY,2021,5.0,
ESTAT:SDG_11_40(1.0),11/05/23 11:00:00,A,TOTAL,RT,CZ,2000,14.5,
ESTAT:SDG_11_40(1.0),11/05/23 11:00:00,A,TOTAL,RT,CZ,2001,13.0,
ESTAT:SDG_11_40(1.0),11/05/23 11:00:00,A,TOTAL,RT,CZ,2002,14.0,
ESTAT:SDG_11_40(1.0),11/05/23 11:00:00,A,TOTAL,RT,CZ,2003,14.2,
ESTAT:SDG_11_40(1.0),11/05/23 11:00:00,A,TOTAL,RT,CZ,2004,13.6,
ESTAT:SDG_11_40(1.0),11/05/23 11:00:00,A,TOTAL,RT,CZ,2005,12.6,
ESTAT:SDG_11_40(1.0),11/05/23 11:00:00,A,TOTAL,RT,CZ,2006,10.4,
ESTAT:SDG_11_40(1.0),11/05/23 11:00:00,A,TOTAL,RT,CZ,2007,11.9,
ESTAT:SDG_11_40(1.0),11/05/23 11:00:00,A,TOTAL,RT,CZ,2008,10.4,
ESTAT:SDG_11_40(1.0),11/05/23 11:00:00,A,TOTAL,RT,CZ,2009,8.6,
ESTAT:SDG_11_40(1.0),11/05/23 11:00:00,A,TOTAL,RT,CZ,2010,7.7,
ESTAT:SDG_11_40(1.0),11/05/23 11:00:00,A,TOTAL,RT,CZ,2011,7.4,
ESTAT:SDG_11_40(1.0),11/05/23 11:00:00,A,TOTAL,RT,CZ,2012,7.1,
ESTAT:SDG_11_40(1.0),11/05/23 11:00:00,A,TOTAL,RT,CZ,2013,6.2,
ESTAT:SDG_11_40(1.0),11/05/23 11:00:00,A,TOTAL,RT,CZ,2014,6.5,
ESTAT:SDG_11_40(1.0),11/05/23 11:00:00,A,TOTAL,RT,CZ,2015,7.0,
ESTAT:SDG_11_40(1.0),11/05/23 11:00:00,A,TOTAL,RT,CZ,2016,5.8,
ESTAT:SDG_11_40(1.0),11/05/23 11:00:00,A,TOTAL,RT,CZ,2017,5.4,
ESTAT:SDG_11_40(1.0),11/05/23 11:00:00,A,TOTAL,RT,CZ,2018,6.2,
ESTAT:SDG_11_40(1.0),11/05/23 11:00:00,A,TOTAL,RT,CZ,2019,5.8,
ESTAT:SDG_11_40(1.0),11/05/23 11:00:00,A,TOTAL,RT,CZ,2020,4.8,
ESTAT:SDG_11_40(1.0),11/05/23 11:00:00,A,TOTAL,RT,CZ,2021,5.1,b
ESTAT:SDG_11_40(1.0),11/05/23 11:00:00,A,TOTAL,RT,DE,2000,9.1,
ESTAT:SDG_11_40(1.0),11/05/23 11:00:00,A,TOTAL,RT,DE,2001,8.5,
ESTAT:SDG_11_40(1.0),11/05/23 11:00:00,A,TOTAL,RT,DE,2002,8.3,
ESTAT:SDG_11_40(1.0),11/05/23 11:00:00,A,TOTAL,RT,DE,2003,8.0,
ESTAT:SDG_11_40(1.0),11/05/23 11:00:00,A,TOTAL,RT,DE,2004,7.1,
ESTAT:SDG_11_40(1.0),11/05/23 11:00:00,A,TOTAL,RT,DE,2005,6.5,
ESTAT:SDG_11_40(1.0),11/05/23 11:00:00,A,TOTAL,RT,DE,2006,6.2,
ESTAT:SDG_11_40(1.0),11/05/23 11:00:00,A,TOTAL,RT,DE,2007,6.0,
ESTAT:SDG_11_40(1.0),11/05/23 11:00:00,A,TOTAL,RT,DE,2008,5.5,
ESTAT:SDG_11_40(1.0),11/05/23 11:00:00,A,TOTAL,RT,DE,2009,5.1,
ESTAT:SDG_11_40(1.0),11/05/23 11:00:00,A,TOTAL,RT,DE,2010,4.5,
ESTAT:SDG_11_40(1.0),11/05/23 11:00:00,A,TOTAL,RT,DE,2011,5.0,b
ESTAT:SDG_11_40(1.0),11/05/23 11:00:00,A,TOTAL,RT,DE,2012,4.5,
ESTAT:SDG_11_40(1.0),11/05/23 11:00:00,A,TOTAL,RT,DE,2013,4.1,
ESTAT:SDG_11_40(1.0),11/05/23 11:00:00,A,TOTAL,RT,DE,2014,4.2,
ESTAT:SDG_11_40(1.0),11/05/23 11:00:00,A,TOTAL,RT,DE,2015,4.2,
ESTAT:SDG_11_40(1.0),11/05/23 11:00:00,A,TOTAL,RT,DE,2016,3.9,
ESTAT:SDG_11_40(1.0),11/05/23 11:00:00,A,TOTAL,RT,DE,2017,3.8,
ESTAT:SDG_11_40(1.0),11/05/23 11:00:00,A,TOTAL,RT,DE,2018,4.0,
ESTAT:SDG_11_40(1.0),11/05/23 11:00:00,A,TOTAL,RT,DE,2019,3.7,
ESTAT:SDG_11_40(1.0),11/05/23 11:00:00,A,TOTAL,RT,DE,2020,3.3,
ESTAT:SDG_11_40(1.0),11/05/23 11:00:00,A,TOTAL,RT,DE,2021,3.1,
ESTAT:SDG_11_40(1.0),11/05/23 11:00:00,A,TOTAL,RT,DK,2000,9.3,
ESTAT:SDG_11_40(1.0),11/05/23 11:00:00,A,TOTAL,RT,DK,2001,8.0,
ESTAT:SDG_11_40(1.0),11/05/23 11:00:00,A,TOTAL,RT,DK,2002,8.6,
ESTAT:SDG_11_40(1.0),11/05/23 11:00:00,A,TOTAL,RT,DK,2003,8.0,
ESTAT:SDG_11_40(1.0),11/05/23 11:00:00,A,TOTAL,RT,DK,2004,6.8,
ESTAT:SDG_11_40(1.0),11/05/23 11:00:00,A,TOTAL,RT,DK,2005,6.1,
ESTAT:SDG_11_40(1.0),11/05/23 11:00:00,A,TOTAL,RT,DK,2006,5.6,
ESTAT:SDG_11_40(1.0),11/05/23 11:00:00,A,TOTAL,RT,DK,2007,7.4,
ESTAT:SDG_11_40(1.0),11/05/23 11:00:00,A,TOTAL,RT,DK,2008,7.4,
ESTAT:SDG_11_40(1.0),11/05/23 11:00:00,A,TOTAL,RT,DK,2009,5.5,
ESTAT:SDG_11_40(1.0),11/05/23 11:00:00,A,TOTAL,RT,DK,2010,4.6,
ESTAT:SDG_11_40(1.0),11/05/23 11:00:00,A,TOTAL,RT,DK,2011,3.9,
ESTAT:SDG_11_40(1.0),11/05/23 11:00:00,A,TOTAL,RT,DK,2012,3.0,
ESTAT:SDG_11_40(1.0),11/05/23 11:00:00,A,TOTAL,RT,DK,2013,3.4,
ESTAT:SDG_11_40(1.0),11/05/23 11:00:00,A,TOTAL,RT,DK,2014,3.2,
ESTAT:SDG_11_40(1.0),11/05/23 11:00:00,A,TOTAL,RT,DK,2015,3.1,
ESTAT:SDG_11_40(1.0),11/05/23 11:00:00,A,TOTAL,RT,DK,2016,3.7,
ESTAT:SDG_11_40(1.0),11/05/23 11:00:00,A,TOTAL,RT,DK,2017,3.0,
ESTAT:SDG_11_40(1.0),11/05/23 11:00:00,A,TOTAL,RT,DK,2018,3.0,
ESTAT:SDG_11_40(1.0),11/05/23 11:00:00,A,TOTAL,RT,DK,2019,3.4,
ESTAT:SDG_11_40(1.0),11/05/23 11:00:00,A,TOTAL,RT,DK,2020,2.8,
ESTAT:SDG_11_40(1.0),11/05/23 11:00:00,A,TOTAL,RT,DK,2021,2.2,
ESTAT:SDG_11_40(1.0),11/05/23 11:00:00,A,TOTAL,RT,EE,2000,14.6,
ESTAT:SDG_11_40(1.0),11/05/23 11:00:00,A,TOTAL,RT,EE,2001,14.3,
ESTAT:SDG_11_40(1.0),11/05/23 11:00:00,A,TOTAL,RT,EE,2002,16.2,
ESTAT:SDG_11_40(1.0),11/05/23 11:00:00,A,TOTAL,RT,EE,2003,12.0,
ESTAT:SDG_11_40(1.0),11/05/23 11:00:00,A,TOTAL,RT,EE,2004,12.5,
ESTAT:SDG_11_40(1.0),11/05/23 11:00:00,A,TOTAL,RT,EE,2005,12.5,
ESTAT:SDG_11_40(1.0),11/05/23 11:00:00,A,TOTAL,RT,EE,2006,15.1,
ESTAT:SDG_11_40(1.0),11/05/23 11:00:00,A,TOTAL,RT,EE,2007,14.6,
ESTAT:SDG_11_40(1.0),11/05/23 11:00:00,A,TOTAL,RT,EE,2008,9.9,
ESTAT:SDG_11_40(1.0),11/05/23 11:00:00,A,TOTAL,RT,EE,2009,7.3,
ESTAT:SDG_11_40(1.0),11/05/23 11:00:00,A,TOTAL,RT,EE,2010,5.9,
ESTAT:SDG_11_40(1.0),11/05/23 11:00:00,A,TOTAL,RT,EE,2011,7.6,
ESTAT:SDG_11_40(1.0),11/05/23 11:00:00,A,TOTAL,RT,EE,2012,6.6,
ESTAT:SDG_11_40(1.0),11/05/23 11:00:00,A,TOTAL,RT,EE,2013,6.1,
ESTAT:SDG_11_40(1.0),11/05/23 11:00:00,A,TOTAL,RT,EE,2014,5.9,
ESTAT:SDG_11_40(1.0),11/05/23 11:00:00,A,TOTAL,RT,EE,2015,5.1,b
ESTAT:SDG_11_40(1.0),11/05/23 11:00:00,A,TOTAL,RT,EE,2016,5.4,
ESTAT:SDG_11_40(1.0),11/05/23 11:00:00,A,TOTAL,RT,EE,2017,3.6,
ESTAT:SDG_11_40(1.0),11/05/23 11:00:00,A,TOTAL,RT,EE,2018,5.1,
ESTAT:SDG_11_40(1.0),11/05/23 11:00:00,A,TOTAL,RT,EE,2019,3.9,
ESTAT:SDG_11_40(1.0),11/05/23 11:00:00,A,TOTAL,RT,EE,2020,4.4,
ESTAT:SDG_11_40(1.0),11/05/23 11:00:00,A,TOTAL,RT,EE,2021,4.1,
ESTAT:SDG_11_40(1.0),11/05/23 11:00:00,A,TOTAL,RT,EL,2000,18.9,
ESTAT:SDG_11_40(1.0),11/05/23 11:00:00,A,TOTAL,RT,EL,2001,17.3,
ESTAT:SDG_11_40(1.0),11/05/23 11:00:00,A,TOTAL,RT,EL,2002,15.0,
ESTAT:SDG_11_40(1.0),11/05/23 11:00:00,A,TOTAL,RT,EL,2003,14.7,
ESTAT:SDG_11_40(1.0),11/05/23 11:00:00,A,TOTAL,RT,EL,2004,15.2,
ESTAT:SDG_11_40(1.0),11/05/23 11:00:00,A,TOTAL,RT,EL,2005,15.1,
ESTAT:SDG_11_40(1.0),11/05/23 11:00:00,A,TOTAL,RT,EL,2006,15.0,
ESTAT:SDG_11_40(1.0),11/05/23 11:00:00,A,TOTAL,RT,EL,2007,14.6,
ESTAT:SDG_11_40(1.0),11/05/23 11:00:00,A,TOTAL,RT,EL,2008,14.0,
ESTAT:SDG_11_40(1.0),11/05/23 11:00:00,A,TOTAL,RT,EL,2009,13.1,
ESTAT:SDG_11_40(1.0),11/05/23 11:00:00,A,TOTAL,RT,EL,2010,11.3,
ESTAT:SDG_11_40(1.0),11/05/23 11:00:00,A,TOTAL,RT,EL,2011,10.3,
ESTAT:SDG_11_40(1.0),11/05/23 11:00:00,A,TOTAL,RT,EL,2012,8.9,
ESTAT:SDG_11_40(1.0),11/05/23 11:00:00,A,TOTAL,RT,EL,2013,8.0,
ESTAT:SDG_11_40(1.0),11/05/23 11:00:00,A,TOTAL,RT,EL,2014,7.3,
ESTAT:SDG_11_40(1.0),11/05/23 11:00:00,A,TOTAL,RT,EL,2015,7.3,
ESTAT:SDG_11_40(1.0),11/05/23 11:00:00,A,TOTAL,RT,EL,2016,7.6,
ESTAT:SDG_11_40(1.0),11/05/23 11:00:00,A,TOTAL,RT,EL,2017,6.8,
ESTAT:SDG_11_40(1.0),11/05/23 11:00:00,A,TOTAL,RT,EL,2018,6.5,
ESTAT:SDG_11_40(1.0),11/05/23 11:00:00,A,TOTAL,RT,EL,2019,6.4,
ESTAT:SDG_11_40(1.0),11/05/23 11:00:00,A,TOTAL,RT,EL,2020,5.5,
ESTAT:SDG_11_40(1.0),11/05/23 11:00:00,A,TOTAL,RT,EL,2021,5.9,
ESTAT:SDG_11_40(1.0),11/05/23 11:00:00,A,TOTAL,RT,ES,2000,14.2,
ESTAT:SDG_11_40(1.0),11/05/23 11:00:00,A,TOTAL,RT,ES,2001,13.4,
ESTAT:SDG_11_40(1.0),11/05/23 11:00:00,A,TOTAL,RT,ES,2002,12.8,
ESTAT:SDG_11_40(1.0),11/05/23 11:00:00,A,TOTAL,RT,ES,2003,12.7,
ESTAT:SDG_11_40(1.0),11/05/23 11:00:00,A,TOTAL,RT,ES,2004,11.0,
ESTAT:SDG_11_40(1.0),11/05/23 11:00:00,A,TOTAL,RT,ES,2005,10.1,
ESTAT:SDG_11_40(1.0),11/05/23 11:00:00,A,TOTAL,RT,ES,2006,9.2,
ESTAT:SDG_11_40(1.0),11/05/23 11:00:00,A,TOTAL,RT,ES,2007,8.4,
ESTAT:SDG_11_40(1.0),11/05/23 11:00:00,A,TOTAL,RT,ES,2008,6.7,
ESTAT:SDG_11_40(1.0),11/05/23 11:00:00,A,TOTAL,RT,ES,2009,5.8,
ESTAT:SDG_11_40(1.0),11/05/23 11:00:00,A,TOTAL,RT,ES,2010,5.2,
ESTAT:SDG_11_40(1.0),11/05/23 11:00:00,A,TOTAL,RT,ES,2011,4.4,
ESTAT:SDG_11_40(1.0),11/05/23 11:00:00,A,TOTAL,RT,ES,2012,4.0,
ESTAT:SDG_11_40(1.0),11/05/23 11:00:00,A,TOTAL,RT,ES,2013,3.6,
ESTAT:SDG_11_40(1.0),11/05/23 11:00:00,A,TOTAL,RT,ES,2014,3.6,
ESTAT:SDG_11_40(1.0),11/05/23 11:00:00,A,TOTAL,RT,ES,2015,3.6,
ESTAT:SDG_11_40(1.0),11/05/23 11:00:00,A,TOTAL,RT,ES,2016,3.9,
ESTAT:SDG_11_40(1.0),11/05/23 11:00:00,A,TOTAL,RT,ES,2017,3.9,
ESTAT:SDG_11_40(1.0),11/05/23 11:00:00,A,TOTAL,RT,ES,2018,3.9,
ESTAT:SDG_11_40(1.0),11/05/23 11:00:00,A,TOTAL,RT,ES,2019,3.7,
ESTAT:SDG_11_40(1.0),11/05/23 11:00:00,A,TOTAL,RT,ES,2020,2.9,
ESTAT:SDG_11_40(1.0),11/05/23 11:00:00,A,TOTAL,RT,ES,2021,3.2,
ESTAT:SDG_11_40(1.0),11/05/23 11:00:00,A,TOTAL,RT,EU27_2020,2000,12.5,b
ESTAT:SDG_11_40(1.0),11/05/23 11:00:00,A,TOTAL,RT,EU27_2020,2001,11.9,b
ESTAT:SDG_11_40(1.0),11/05/23 11:00:00,A,TOTAL,RT,EU27_2020,2002,11.7,
ESTAT:SDG_11_40(1.0),11/05/23 11:00:00,A,TOTAL,RT,EU27_2020,2003,11.0,
ESTAT:SDG_11_40(1.0),11/05/23 11:00:00,A,TOTAL,RT,EU27_2020,2004,10.3,
ESTAT:SDG_11_40(1.0),11/05/23 11:00:00,A,TOTAL,RT,EU27_2020,2005,9.8,
ESTAT:SDG_11_40(1.0),11/05/23 11:00:00,A,TOTAL,RT,EU27_2020,2006,9.2,
ESTAT:SDG_11_40(1.0),11/05/23 11:00:00,A,TOTAL,RT,EU27_2020,2007,9.1,
ESTAT:SDG_11_40(1.0),11/05/23 11:00:00,A,TOTAL,RT,EU27_2020,2008,8.4,b
ESTAT:SDG_11_40(1.0),11/05/23 11:00:00,A,TOTAL,RT,EU27_2020,2009,7.5,
ESTAT:SDG_11_40(1.0),11/05/23 11:00:00,A,TOTAL,RT,EU27_2020,2010,6.7,b
ESTAT:SDG_11_40(1.0),11/05/23 11:00:00,A,TOTAL,RT,EU27_2020,2011,6.5,b
ESTAT:SDG_11_40(1.0),11/05/23 11:00:00,A,TOTAL,RT,EU27_2020,2012,6.0,b
ESTAT:SDG_11_40(1.0),11/05/23 11:00:00,A,TOTAL,RT,EU27_2020,2013,5.5,
ESTAT:SDG_11_40(1.0),11/05/23 11:00:00,A,TOTAL,RT,EU27_2020,2014,5.4,b
ESTAT:SDG_11_40(1.0),11/05/23 11:00:00,A,TOTAL,RT,EU27_2020,2015,5.5,b
ESTAT:SDG_11_40(1.0),11/05/23 11:00:00,A,TOTAL,RT,EU27_2020,2016,5.3,
ESTAT:SDG_11_40(1.0),11/05/23 11:00:00,A,TOTAL,RT,EU27_2020,2017,5.2,b
ESTAT:SDG_11_40(1.0),11/05/23 11:00:00,A,TOTAL,RT,EU27_2020,2018,5.2,e
ESTAT:SDG_11_40(1.0),11/05/23 11:00:00,A,TOTAL,RT,EU27_2020,2019,5.1,bep
ESTAT:SDG_11_40(1.0),11/05/23 11:00:00,A,TOTAL,RT,EU27_2020,2020,4.2,ep
ESTAT:SDG_11_40(1.0),11/05/23 11:00:00,A,TOTAL,RT,EU27_2020,2021,4.5,bep
ESTAT:SDG_11_40(1.0),11/05/23 11:00:00,A,TOTAL,RT,FI,2000,7.7,
ESTAT:SDG_11_40(1.0),11/05/23 11:00:00,A,TOTAL,RT,FI,2001,8.3,
ESTAT:SDG_11_40(1.0),11/05/23 11:00:00,A,TOTAL,RT,FI,2002,8.0,
ESTAT:SDG_11_40(1.0),11/05/23 11:00:00,A,TOTAL,RT,FI,2003,7.3,
ESTAT:SDG_11_40(1.0),11/05/23 11:00:00,A,TOTAL,RT,FI,2004,7.2,
ESTAT:SDG_11_40(1.0),11/05/23 11:00:00,A,TOTAL,RT,FI,2005,7.2,
ESTAT:SDG_11_40(1.0),11/05/23 11:00:00,A,TOTAL,RT,FI,2006,6.4,
ESTAT:SDG_11_40(1.0),11/05/23 11:00:00,A,TOTAL,RT,FI,2007,7.2,
ESTAT:SDG_11_40(1.0),11/05/23 11:00:00,A,TOTAL,RT,FI,2008,6.5,
ESTAT:SDG_11_40(1.0),11/05/23 11:00:00,A,TOTAL,RT,FI,2009,5.2,
ESTAT:SDG_11_40(1.0),11/05/23 11:00:00,A,TOTAL,RT,FI,2010,5.1,
ESTAT:SDG_11_40(1.0),11/05/23 11:00:00,A,TOTAL,RT,FI,2011,5.4,
ESTAT:SDG_11_40(1.0),11/05/23 11:00:00,A,TOTAL,RT,FI,2012,4.7,
ESTAT:SDG_11_40(1.0),11/05/23 11:00:00,A,TOTAL,RT,FI,2013,4.7,
ESTAT:SDG_11_40(1.0),11/05/23 11:00:00,A,TOTAL,RT,FI,2014,4.2,
ESTAT:SDG_11_40(1.0),11/05/23 11:00:00,A,TOTAL,RT,FI,2015,4.9,
ESTAT:SDG_11_40(1.0),11/05/23 11:00:00,A,TOTAL,RT,FI,2016,4.7,
ESTAT:SDG_11_40(1.0),11/05/23 11:00:00,A,TOTAL,RT,FI,2017,4.3,
ESTAT:SDG_11_40(1.0),11/05/23 11:00:00,A,TOTAL,RT,FI,2018,4.3,
ESTAT:SDG_11_40(1.0),11/05/23 11:00:00,A,TOTAL,RT,FI,2019,3.8,
ESTAT:SDG_11_40(1.0),11/05/23 11:00:00,A,TOTAL,RT,FI,2020,4.0,
ESTAT:SDG_11_40(1.0),11/05/23 11:00:00,A,TOTAL,RT,FI,2021,4.1,
ESTAT:SDG_11_40(1.0),11/05/23 11:00:00,A,TOTAL,RT,FR,2000,13.3,
ESTAT:SDG_11_40(1.0),11/05/23 11:00:00,A,TOTAL,RT,FR,2001,13.3,
ESTAT:SDG_11_40(1.0),11/05/23 11:00:00,A,TOTAL,RT,FR,2002,12.4,
ESTAT:SDG_11_40(1.0),11/05/23 11:00:00,A,TOTAL,RT,FR,2003,9.7,
ESTAT:SDG_11_40(1.0),11/05/23 11:00:00,A,TOTAL,RT,FR,2004,8.8,
ESTAT:SDG_11_40(1.0),11/05/23 11:00:00,A,TOTAL,RT,FR,2005,8.4,
ESTAT:SDG_11_40(1.0),11/05/23 11:00:00,A,TOTAL,RT,FR,2006,7.4,
ESTAT:SDG_11_40(1.0),11/05/23 11:00:00,A,TOTAL,RT,FR,2007,7.2,
ESTAT:SDG_11_40(1.0),11/05/23 11:00:00,A,TOTAL,RT,FR,2008,6.7,
ESTAT:SDG_11_40(1.0),11/05/23 11:00:00,A,TOTAL,RT,FR,2009,6.6,
ESTAT:SDG_11_40(1.0),11/05/23 11:00:00,A,TOTAL,RT,FR,2010,6.2,
ESTAT:SDG_11_40(1.0),11/05/23 11:00:00,A,TOTAL,RT,FR,2011,6.1,
ESTAT:SDG_11_40(1.0),11/05/23 11:00:00,A,TOTAL,RT,FR,2012,5.6,
ESTAT:SDG_11_40(1.0),11/05/23 11:00:00,A,TOTAL,RT,FR,2013,5.0,
ESTAT:SDG_11_40(1.0),11/05/23 11:00:00,A,TOTAL,RT,FR,2014,5.1,b
ESTAT:SDG_11_40(1.0),11/05/23 11:00:00,A,TOTAL,RT,FR,2015,5.2,
ESTAT:SDG_11_40(1.0),11/05/23 11:00:00,A,TOTAL,RT,FR,2016,5.2,
ESTAT:SDG_11_40(1.0),11/05/23 11:00:00,A,TOTAL,RT,FR,2017,5.1,
ESTAT:SDG_11_40(1.0),11/05/23 11:00:00,A,TOTAL,RT,FR,2018,4.8,
ESTAT:SDG_11_40(1.0),11/05/23 11:00:00,A,TOTAL,RT,FR,2019,4.8,p
ESTAT:SDG_11_40(1.0),11/05/23 11:00:00,A,TOTAL,RT,FR,2020,3.8,p
ESTAT:SDG_11_40(1.0),11/05/23 11:00:00,A,TOTAL,RT,FR,2021,4.3,p
ESTAT:SDG_11_40(1.0),11/05/23 11:00:00,A,TOTAL,RT,HR,2000,14.7,e
ESTAT:SDG_11_40(1.0),11/05/23 11:00:00,A,TOTAL,RT,HR,2001,15.0,b
ESTAT:SDG_11_40(1.0),11/05/23 11:00:00,A,TOTAL,RT,HR,2002,14.6,
ESTAT:SDG_11_40(1.0),11/05/23 11:00:00,A,TOTAL,RT,HR,2003,16.3,
ESTAT:SDG_11_40(1.0),11/05/23 11:00:00,A,TOTAL,RT,HR,2004,14.1,
ESTAT:SDG_11_40(1.0),11/05/23 11:00:00,A,TOTAL,RT,HR,2005,13.8,
ESTAT:SDG_11_40(1.0),11/05/23 11:00:00,A,TOTAL,RT,HR,2006,14.2,
ESTAT:SDG_11_40(1.0),11/05/23 11:00:00,A,TOTAL,RT,HR,2007,14.4,
ESTAT:SDG_11_40(1.0),11/05/23 11:00:00,A,TOTAL,RT,HR,2008,15.4,
ESTAT:SDG_11_40(1.0),11/05/23 11:00:00,A,TOTAL,RT,HR,2009,12.7,
ESTAT:SDG_11_40(1.0),11/05/23 11:00:00,A,TOTAL,RT,HR,2010,9.9,
ESTAT:SDG_11_40(1.0),11/05/23 11:00:00,A,TOTAL,RT,HR,2011,9.8,
ESTAT:SDG_11_40(1.0),11/05/23 11:00:00,A,TOTAL,RT,HR,2012,9.2,
ESTAT:SDG_11_40(1.0),11/05/23 11:00:00,A,TOTAL,RT,HR,2013,8.6,
ESTAT:SDG_11_40(1.0),11/05/23 11:00:00,A,TOTAL,RT,HR,2014,7.3,
ESTAT:SDG_11_40(1.0),11/05/23 11:00:00,A,TOTAL,RT,HR,2015,8.3,
ESTAT:SDG_11_40(1.0),11/05/23 11:00:00,A,TOTAL,RT,HR,2016,7.4,
ESTAT:SDG_11_40(1.0),11/05/23 11:00:00,A,TOTAL,RT,HR,2017,8.0,
ESTAT:SDG_11_40(1.0),11/05/23 11:00:00,A,TOTAL,RT,HR,2018,7.7,
ESTAT:SDG_11_40(1.0),11/05/23 11:00:00,A,TOTAL,RT,HR,2019,7.3,
ESTAT:SDG_11_40(1.0),11/05/23 11:00:00,A,TOTAL,RT,HR,2020,5.9,
ESTAT:SDG_11_40(1.0),11/05/23 11:00:00,A,TOTAL,RT,HR,2021,7.4,
ESTAT:SDG_11_40(1.0),11/05/23 11:00:00,A,TOTAL,RT,HU,2000,11.8,
ESTAT:SDG_11_40(1.0),11/05/23 11:00:00,A,TOTAL,RT,HU,2001,12.2,
ESTAT:SDG_11_40(1.0),11/05/23 11:00:00,A,TOTAL,RT,HU,2002,14.1,
ESTAT:SDG_11_40(1.0),11/05/23 11:00:00,A,TOTAL,RT,HU,2003,13.1,
ESTAT:SDG_11_40(1.0),11/05/23 11:00:00,A,TOTAL,RT,HU,2004,12.8,
ESTAT:SDG_11_40(1.0),11/05/23 11:00:00,A,TOTAL,RT,HU,2005,12.7,
ESTAT:SDG_11_40(1.0),11/05/23 11:00:00,A,TOTAL,RT,HU,2006,12.9,
ESTAT:SDG_11_40(1.0),11/05/23 11:00:00,A,TOTAL,RT,HU,2007,12.3,
ESTAT:SDG_11_40(1.0),11/05/23 11:00:00,A,TOTAL,RT,HU,2008,9.9,
ESTAT:SDG_11_40(1.0),11/05/23 11:00:00,A,TOTAL,RT,HU,2009,8.2,
ESTAT:SDG_11_40(1.0),11/05/23 11:00:00,A,TOTAL,RT,HU,2010,7.4,
ESTAT:SDG_11_40(1.0),11/05/23 11:00:00,A,TOTAL,RT,HU,2011,6.4,
ESTAT:SDG_11_40(1.0),11/05/23 11:00:00,A,TOTAL,RT,HU,2012,6.1,b
ESTAT:SDG_11_40(1.0),11/05/23 11:00:00,A,TOTAL,RT,HU,2013,6.0,
ESTAT:SDG_11_40(1.0),11/05/23 11:00:00,A,TOTAL,RT,HU,2014,6.3,
ESTAT:SDG_11_40(1.0),11/05/23 11:00:00,A,TOTAL,RT,HU,2015,6.5,
ESTAT:SDG_11_40(1.0),11/05/23 11:00:00,A,TOTAL,RT,HU,2016,6.2,
ESTAT:SDG_11_40(1.0),11/05/23 11:00:00,A,TOTAL,RT,HU,2017,6.4,
ESTAT:SDG_11_40(1.0),11/05/23 11:00:00,A,TOTAL,RT,HU,2018,6.5,
ESTAT:SDG_11_40(1.0),11/05/23 11:00:00,A,TOTAL,RT,HU,2019,6.2,
ESTAT:SDG_11_40(1.0),11/05/23 11:00:00,A,TOTAL,RT,HU,2020,4.7,
ESTAT:SDG_11_40(1.0),11/05/23 11:00:00,A,TOTAL,RT,HU,2021,5.6,
ESTAT:SDG_11_40(1.0),11/05/23 11:00:00,A,TOTAL,RT,IE,2000,11.0,
ESTAT:SDG_11_40(1.0),11/05/23 11:00:00,A,TOTAL,RT,IE,2001,10.7,
ESTAT:SDG_11_40(1.0),11/05/23 11:00:00,A,TOTAL,RT,IE,2002,9.6,
ESTAT:SDG_11_40(1.0),11/05/23 11:00:00,A,TOTAL,RT,IE,2003,8.4,
ESTAT:SDG_11_40(1.0),11/05/23 11:00:00,A,TOTAL,RT,IE,2004,9.3,
ESTAT:SDG_11_40(1.0),11/05/23 11:00:00,A,TOTAL,RT,IE,2005,9.6,
ESTAT:SDG_11_40(1.0),11/05/23 11:00:00,A,TOTAL,RT,IE,2006,8.5,
ESTAT:SDG_11_40(1.0),11/05/23 11:00:00,A,TOTAL,RT,IE,2007,7.7,
ESTAT:SDG_11_40(1.0),11/05/23 11:00:00,A,TOTAL,RT,IE,2008,6.2,
ESTAT:SDG_11_40(1.0),11/05/23 11:00:00,A,TOTAL,RT,IE,2009,5.2,
ESTAT:SDG_11_40(1.0),11/05/23 11:00:00,A,TOTAL,RT,IE,2010,4.6,
ESTAT:SDG_11_40(1.0),11/05/23 11:00:00,A,TOTAL,RT,IE,2011,4.1,
ESTAT:SDG_11_40(1.0),11/05/23 11:00:00,A,TOTAL,RT,IE,2012,3.5,
ESTAT:SDG_11_40(1.0),11/05/23 11:00:00,A,TOTAL,RT,IE,2013,4.1,
ESTAT:SDG_11_40(1.0),11/05/23 11:00:00,A,TOTAL,RT,IE,2014,4.1,
ESTAT:SDG_11_40(1.0),11/05/23 11:00:00,A,TOTAL,RT,IE,2015,3.4,
ESTAT:SDG_11_40(1.0),11/05/23 11:00:00,A,TOTAL,RT,IE,2016,3.8,
ESTAT:SDG_11_40(1.0),11/05/23 11:00:00,A,TOTAL,RT,IE,2017,3.2,
ESTAT:SDG_11_40(1.0),11/05/23 11:00:00,A,TOTAL,RT,IE,2018,2.8,e
ESTAT:SDG_11_40(1.0),11/05/23 11:00:00,A,TOTAL,RT,IE,2019,2.8,e
ESTAT:SDG_11_40(1.0),11/05/23 11:00:00,A,TOTAL,RT,IE,2020,2.9,
ESTAT:SDG_11_40(1.0),11/05/23 11:00:00,A,TOTAL,RT,IE,2021,2.7,
ESTAT:SDG_11_40(1.0),11/05/23 11:00:00,A,TOTAL,RT,IS,2000,11.4,
ESTAT:SDG_11_40(1.0),11/05/23 11:00:00,A,TOTAL,RT,IS,2001,8.4,
ESTAT:SDG_11_40(1.0),11/05/23 11:00:00,A,TOTAL,RT,IS,2002,10.1,
ESTAT:SDG_11_40(1.0),11/05/23 11:00:00,A,TOTAL,RT,IS,2003,7.9,
ESTAT:SDG_11_40(1.0),11/05/23 11:00:00,A,TOTAL,RT,IS,2004,7.9,
ESTAT:SDG_11_40(1.0),11/05/23 11:00:00,A,TOTAL,RT,IS,2005,6.4,
ESTAT:SDG_11_40(1.0),11/05/23 11:00:00,A,TOTAL,RT,IS,2006,10.2,
ESTAT:SDG_11_40(1.0),11/05/23 11:00:00,A,TOTAL,RT,IS,2007,4.8,
ESTAT:SDG_11_40(1.0),11/05/23 11:00:00,A,TOTAL,RT,IS,2008,3.8,
ESTAT:SDG_11_40(1.0),11/05/23 11:00:00,A,TOTAL,RT,IS,2009,5.3,
ESTAT:SDG_11_40(1.0),11/05/23 11:00:00,A,TOTAL,RT,IS,2010,2.5,
ESTAT:SDG_11_40(1.0),11/05/23 11:00:00,A,TOTAL,RT,IS,2011,3.8,
ESTAT:SDG_11_40(1.0),11/05/23 11:00:00,A,TOTAL,RT,IS,2012,2.8,
ESTAT:SDG_11_40(1.0),11/05/23 11:00:00,A,TOTAL,RT,IS,2013,4.6,
ESTAT:SDG_11_40(1.0),11/05/23 11:00:00,A,TOTAL,RT,IS,2014,1.2,
ESTAT:SDG_11_40(1.0),11/05/23 11:00:00,A,TOTAL,RT,IS,2015,4.8,
ESTAT:SDG_11_40(1.0),11/05/23 11:00:00,A,TOTAL,RT,IS,2016,5.4,
ESTAT:SDG_11_40(1.0),11/05/23 11:00:00,A,TOTAL,RT,IS,2017,4.7,
ESTAT:SDG_11_40(1.0),11/05/23 11:00:00,A,TOTAL,RT,IS,2018,5.1,
ESTAT:SDG_11_40(1.0),11/05/23 11:00:00,A,TOTAL,RT,IS,2019,1.7,
ESTAT:SDG_11_40(1.0),11/05/23 11:00:00,A,TOTAL,RT,IS,2020,2.2,
ESTAT:SDG_11_40(1.0),11/05/23 11:00:00,A,TOTAL,RT,IS,2021,2.4,
ESTAT:SDG_11_40(1.0),11/05/23 11:00:00,A,TOTAL,RT,IT,2000,12.4,
ESTAT:SDG_11_40(1.0),11/05/23 11:00:00,A,TOTAL,RT,IT,2001,12.5,
ESTAT:SDG_11_40(1.0),11/05/23 11:00:00,A,TOTAL,RT,IT,2002,12.2,
ESTAT:SDG_11_40(1.0),11/05/23 11:00:00,A,TOTAL,RT,IT,2003,11.5,
ESTAT:SDG_11_40(1.0),11/05/23 11:00:00,A,TOTAL,RT,IT,2004,10.6,
ESTAT:SDG_11_40(1.0),11/05/23 11:00:00,A,TOTAL,RT,IT,2005,10.0,
ESTAT:SDG_11_40(1.0),11/05/23 11:00:00,A,TOTAL,RT,IT,2006,9.7,
ESTAT:SDG_11_40(1.0),11/05/23 11:00:00,A,TOTAL,RT,IT,2007,8.8,
ESTAT:SDG_11_40(1.0),11/05/23 11:00:00,A,TOTAL,RT,IT,2008,8.0,
ESTAT:SDG_11_40(1.0),11/05/23 11:00:00,A,TOTAL,RT,IT,2009,7.2,
ESTAT:SDG_11_40(1.0),11/05/23 11:00:00,A,TOTAL,RT,IT,2010,6.9,
ESTAT:SDG_11_40(1.0),11/05/23 11:00:00,A,TOTAL,RT,IT,2011,6.5,
ESTAT:SDG_11_40(1.0),11/05/23 11:00:00,A,TOTAL,RT,IT,2012,6.3,
ESTAT:SDG_11_40(1.0),11/05/23 11:00:00,A,TOTAL,RT,IT,2013,5.6,
ESTAT:SDG_11_40(1.0),11/05/23 11:00:00,A,TOTAL,RT,IT,2014,5.6,
ESTAT:SDG_11_40(1.0),11/05/23 11:00:00,A,TOTAL,RT,IT,2015,5.6,
ESTAT:SDG_11_40(1.0),11/05/23 11:00:00,A,TOTAL,RT,IT,2016,5.4,
ESTAT:SDG_11_40(1.0),11/05/23 11:00:00,A,TOTAL,RT,IT,2017,5.6,
ESTAT:SDG_11_40(1.0),11/05/23 11:00:00,A,TOTAL,RT,IT,2018,5.5,
ESTAT:SDG_11_40(1.0),11/05/23 11:00:00,A,TOTAL,RT,IT,2019,5.3,b
ESTAT:SDG_11_40(1.0),11/05/23 11:00:00,A,TOTAL,RT,IT,2020,4.0,
ESTAT:SDG_11_40(1.0),11/05/23 11:00:00,A,TOTAL,RT,IT,2021,4.9,
ESTAT:SDG_11_40(1.0),11/05/23 11:00:00,A,TOTAL,RT,LI,2000,9.2,
ESTAT:SDG_11_40(1.0),11/05/23 11:00:00,A,TOTAL,RT,LI,2001,6.0,
ESTAT:SDG_11_40(1.0),11/05/23 11:00:00,A,TOTAL,RT,LI,2002,0.0,
ESTAT:SDG_11_40(1.0),11/05/23 11:00:00,A,TOTAL,RT,LI,2003,14.7,
ESTAT:SDG_11_40(1.0),11/05/23 11:00:00,A,TOTAL,RT,LI,2004,2.9,
ESTAT:SDG_11_40(1.0),11/05/23 11:00:00,A,TOTAL,RT,LI,2005,5.8,
ESTAT:SDG_11_40(1.0),11/05/23 11:00:00,A,TOTAL,RT,LI,2006,0.0,
ESTAT:SDG_11_40(1.0),11/05/23 11:00:00,A,TOTAL,RT,LI,2007,0.0,
ESTAT:SDG_11_40(1.0),11/05/23 11:00:00,A,TOTAL,RT,LI,2008,2.8,
ESTAT:SDG_11_40(1.0),11/05/23 11:00:00,A,TOTAL,RT,LI,2009,2.8,
ESTAT:SDG_11_40(1.0),11/05/23 11:00:00,A,TOTAL,RT,LI,2010,0.0,
ESTAT:SDG_11_40(1.0),11/05/23 11:00:00,A,TOTAL,RT,LI,2011,5.5,
ESTAT:SDG_11_40(1.0),11/05/23 11:00:00,A,TOTAL,RT,LI,2012,2.7,
ESTAT:SDG_11_40(1.0),11/05/23 11:00:00,A,TOTAL,RT,LI,2013,5.4,
ESTAT:SDG_11_40(1.0),11/05/23 11:00:00,A,TOTAL,RT,LI,2014,8.1,
ESTAT:SDG_11_40(1.0),11/05/23 11:00:00,A,TOTAL,RT,LI,2015,5.3,
ESTAT:SDG_11_40(1.0),11/05/23 11:00:00,A,TOTAL,RT,LI,2016,0.0,
ESTAT:SDG_11_40(1.0),11/05/23 11:00:00,A,TOTAL,RT,LI,2017,5.3,
ESTAT:SDG_11_40(1.0),11/05/23 11:00:00,A,TOTAL,RT,LI,2018,0.0,
ESTAT:SDG_11_40(1.0),11/05/23 11:00:00,A,TOTAL,RT,LI,2019,0.0,
ESTAT:SDG_11_40(1.0),11/05/23 11:00:00,A,TOTAL,RT,LT,2000,18.3,
ESTAT:SDG_11_40(1.0),11/05/23 11:00:00,A,TOTAL,RT,LT,2001,20.3,
ESTAT:SDG_11_40(1.0),11/05/23 11:00:00,A,TOTAL,RT,LT,2002,20.2,
ESTAT:SDG_11_40(1.0),11/05/23 11:00:00,A,TOTAL,RT,LT,2003,20.8,
ESTAT:SDG_11_40(1.0),11/05/23 11:00:00,A,TOTAL,RT,LT,2004,22.3,
ESTAT:SDG_11_40(1.0),11/05/23 11:00:00,A,TOTAL,RT,LT,2005,23.3,
ESTAT:SDG_11_40(1.0),11/05/23 11:00:00,A,TOTAL,RT,LT,2006,23.2,
ESTAT:SDG_11_40(1.0),11/05/23 11:00:00,A,TOTAL,RT,LT,2007,22.9,
ESTAT:SDG_11_40(1.0),11/05/23 11:00:00,A,TOTAL,RT,LT,2008,15.6,
ESTAT:SDG_11_40(1.0),11/05/23 11:00:00,A,TOTAL,RT,LT,2009,11.7,
ESTAT:SDG_11_40(1.0),11/05/23 11:00:00,A,TOTAL,RT,LT,2010,9.7,
ESTAT:SDG_11_40(1.0),11/05/23 11:00:00,A,TOTAL,RT,LT,2011,9.8,
ESTAT:SDG_11_40(1.0),11/05/23 11:00:00,A,TOTAL,RT,LT,2012,10.1,
ESTAT:SDG_11_40(1.0),11/05/23 11:00:00,A,TOTAL,RT,LT,2013,8.7,
ESTAT:SDG_11_40(1.0),11/05/23 11:00:00,A,TOTAL,RT,LT,2014,9.1,
ESTAT:SDG_11_40(1.0),11/05/23 11:00:00,A,TOTAL,RT,LT,2015,8.3,
ESTAT:SDG_11_40(1.0),11/05/23 11:00:00,A,TOTAL,RT,LT,2016,6.6,
ESTAT:SDG_11_40(1.0),11/05/23 11:00:00,A,TOTAL,RT,LT,2017,6.8,
ESTAT:SDG_11_40(1.0),11/05/23 11:00:00,A,TOTAL,RT,LT,2018,6.2,
ESTAT:SDG_11_40(1.0),11/05/23 11:00:00,A,TOTAL,RT,LT,2019,6.7,
ESTAT:SDG_11_40(1.0),11/05/23 11:00:00,A,TOTAL,RT,LT,2020,6.3,
ESTAT:SDG_11_40(1.0),11/05/23 11:00:00,A,TOTAL,RT,LT,2021,5.3,
ESTAT:SDG_11_40(1.0),11/05/23 11:00:00,A,TOTAL,RT,LU,2000,17.4,
ESTAT:SDG_11_40(1.0),11/05/23 11:00:00,A,TOTAL,RT,LU,2001,15.9,
ESTAT:SDG_11_40(1.0),11/05/23 11:00:00,A,TOTAL,RT,LU,2002,13.9,
ESTAT:SDG_11_40(1.0),11/05/23 11:00:00,A,TOTAL,RT,LU,2003,11.7,
ESTAT:SDG_11_40(1.0),11/05/23 11:00:00,A,TOTAL,RT,LU,2004,10.9,
ESTAT:SDG_11_40(1.0),11/05/23 11:00:00,A,TOTAL,RT,LU,2005,10.1,
ESTAT:SDG_11_40(1.0),11/05/23 11:00:00,A,TOTAL,RT,LU,2006,9.1,
ESTAT:SDG_11_40(1.0),11/05/23 11:00:00,A,TOTAL,RT,LU,2007,9.6,
ESTAT:SDG_11_40(1.0),11/05/23 11:00:00,A,TOTAL,RT,LU,2008,7.2,
ESTAT:SDG_11_40(1.0),11/05/23 11:00:00,A,TOTAL,RT,LU,2009,9.6,
ESTAT:SDG_11_40(1.0),11/05/23 11:00:00,A,TOTAL,RT,LU,2010,6.3,
ESTAT:SDG_11_40(1.0),11/05/23 11:00:00,A,TOTAL,RT,LU,2011,6.4,
ESTAT:SDG_11_40(1.0),11/05/23 11:00:00,A,TOTAL,RT,LU,2012,6.4,b
ESTAT:SDG_11_40(1.0),11/05/23 11:00:00,A,TOTAL,RT,LU,2013,8.3,
ESTAT:SDG_11_40(1.0),11/05/23 11:00:00,A,TOTAL,RT,LU,2014,6.3,
ESTAT:SDG_11_40(1.0),11/05/23 11:00:00,A,TOTAL,RT,LU,2015,6.3,
ESTAT:SDG_11_40(1.0),11/05/23 11:00:00,A,TOTAL,RT,LU,2016,5.5,
ESTAT:SDG_11_40(1.0),11/05/23 11:00:00,A,TOTAL,RT,LU,2017,4.2,b
ESTAT:SDG_11_40(1.0),11/05/23 11:00:00,A,TOTAL,RT,LU,2018,5.9,
ESTAT:SDG_11_40(1.0),11/05/23 11:00:00,A,TOTAL,RT,LU,2019,3.5,
ESTAT:SDG_11_40(1.0),11/05/23 11:00:00,A,TOTAL,RT,LU,2020,4.1,
ESTAT:SDG_11_40(1.0),11/05/23 11:00:00,A,TOTAL,RT,LU,2021,3.7,
ESTAT:SDG_11_40(1.0),11/05/23 11:00:00,A,TOTAL,RT,LV,2000,26.8,
ESTAT:SDG_11_40(1.0),11/05/23 11:00:00,A,TOTAL,RT,LV,2001,23.9,
ESTAT:SDG_11_40(1.0),11/05/23 11:00:00,A,TOTAL,RT,LV,2002,24.2,
ESTAT:SDG_11_40(1.0),11/05/23 11:00:00,A,TOTAL,RT,LV,2003,23.3,
ESTAT:SDG_11_40(1.0),11/05/23 11:00:00,A,TOTAL,RT,LV,2004,22.8,
ESTAT:SDG_11_40(1.0),11/05/23 11:00:00,A,TOTAL,RT,LV,2005,19.7,
ESTAT:SDG_11_40(1.0),11/05/23 11:00:00,A,TOTAL,RT,LV,2006,18.3,
ESTAT:SDG_11_40(1.0),11/05/23 11:00:00,A,TOTAL,RT,LV,2007,19.0,
ESTAT:SDG_11_40(1.0),11/05/23 11:00:00,A,TOTAL,RT,LV,2008,14.5,
ESTAT:SDG_11_40(1.0),11/05/23 11:00:00,A,TOTAL,RT,LV,2009,11.9,
ESTAT:SDG_11_40(1.0),11/05/23 11:00:00,A,TOTAL,RT,LV,2010,10.4,
ESTAT:SDG_11_40(1.0),11/05/23 11:00:00,A,TOTAL,RT,LV,2011,8.7,
ESTAT:SDG_11_40(1.0),11/05/23 11:00:00,A,TOTAL,RT,LV,2012,8.7,
ESTAT:SDG_11_40(1.0),11/05/23 11:00:00,A,TOTAL,RT,LV,2013,8.9,
ESTAT:SDG_11_40(1.0),11/05/23 11:00:00,A,TOTAL,RT,LV,2014,10.6,
ESTAT:SDG_11_40(1.0),11/05/23 11:00:00,A,TOTAL,RT,LV,2015,9.5,
ESTAT:SDG_11_40(1.0),11/05/23 11:00:00,A,TOTAL,RT,LV,2016,8.1,
ESTAT:SDG_11_40(1.0),11/05/23 11:00:00,A,TOTAL,RT,LV,2017,7.0,
ESTAT:SDG_11_40(1.0),11/05/23 11:00:00,A,TOTAL,RT,LV,2018,7.7,
ESTAT:SDG_11_40(1.0),11/05/23 11:00:00,A,TOTAL,RT,LV,2019,6.9,
ESTAT:SDG_11_40(1.0),11/05/23 11:00:00,A,TOTAL,RT,LV,2020,7.3,
ESTAT:SDG_11_40(1.0),11/05/23 11:00:00,A,TOTAL,RT,LV,2021,7.8,
ESTAT:SDG_11_40(1.0),11/05/23 11:00:00,A,TOTAL,RT,MT,2000,3.8,
ESTAT:SDG_11_40(1.0),11/05/23 11:00:00,A,TOTAL,RT,MT,2001,4.1,
ESTAT:SDG_11_40(1.0),11/05/23 11:00:00,A,TOTAL,RT,MT,2002,4.0,
ESTAT:SDG_11_40(1.0),11/05/23 11:00:00,A,TOTAL,RT,MT,2003,4.0,
ESTAT:SDG_11_40(1.0),11/05/23 11:00:00,A,TOTAL,RT,MT,2004,3.2,
ESTAT:SDG_11_40(1.0),11/05/23 11:00:00,A,TOTAL,RT,MT,2005,4.2,
ESTAT:SDG_11_40(1.0),11/05/23 11:00:00,A,TOTAL,RT,MT,2006,2.7,
ESTAT:SDG_11_40(1.0),11/05/23 11:00:00,A,TOTAL,RT,MT,2007,3.0,
ESTAT:SDG_11_40(1.0),11/05/23 11:00:00,A,TOTAL,RT,MT,2008,2.2,
ESTAT:SDG_11_40(1.0),11/05/23 11:00:00,A,TOTAL,RT,MT,2009,3.6,
ESTAT:SDG_11_40(1.0),11/05/23 11:00:00,A,TOTAL,RT,MT,2010,3.1,
ESTAT:SDG_11_40(1.0),11/05/23 11:00:00,A,TOTAL,RT,MT,2011,3.8,
ESTAT:SDG_11_40(1.0),11/05/23 11:00:00,A,TOTAL,RT,MT,2012,2.1,
ESTAT:SDG_11_40(1.0),11/05/23 11:00:00,A,TOTAL,RT,MT,2013,4.0,
ESTAT:SDG_11_40(1.0),11/05/23 11:00:00,A,TOTAL,RT,MT,2014,2.3,
ESTAT:SDG_11_40(1.0),11/05/23 11:00:00,A,TOTAL,RT,MT,2015,2.5,
ESTAT:SDG_11_40(1.0),11/05/23 11:00:00,A,TOTAL,RT,MT,2016,5.1,
ESTAT:SDG_11_40(1.0),11/05/23 11:00:00,A,TOTAL,RT,MT,2017,4.1,
ESTAT:SDG_11_40(1.0),11/05/23 11:00:00,A,TOTAL,RT,MT,2018,3.7,
ESTAT:SDG_11_40(1.0),11/05/23 11:00:00,A,TOTAL,RT,MT,2019,3.2,
ESTAT:SDG_11_40(1.0),11/05/23 11:00:00,A,TOTAL,RT,MT,2020,2.1,
ESTAT:SDG_11_40(1.0),11/05/23 11:00:00,A,TOTAL,RT,MT,2021,1.7,
ESTAT:SDG_11_40(1.0),11/05/23 11:00:00,A,TOTAL,RT,NL,2000,6.8,
ESTAT:SDG_11_40(1.0),11/05/23 11:00:00,A,TOTAL,RT,NL,2001,6.2,
ESTAT:SDG_11_40(1.0),11/05/23 11:00:00,A,TOTAL,RT,NL,2002,6.1,
ESTAT:SDG_11_40(1.0),11/05/23 11:00:00,A,TOTAL,RT,NL,2003,6.3,
ESTAT:SDG_11_40(1.0),11/05/23 11:00:00,A,TOTAL,RT,NL,2004,4.9,
ESTAT:SDG_11_40(1.0),11/05/23 11:00:00,A,TOTAL,RT,NL,2005,4.6,
ESTAT:SDG_11_40(1.0),11/05/23 11:00:00,A,TOTAL,RT,NL,2006,4.5,
ESTAT:SDG_11_40(1.0),11/05/23 11:00:00,A,TOTAL,RT,NL,2007,4.3,
ESTAT:SDG_11_40(1.0),11/05/23 11:00:00,A,TOTAL,RT,NL,2008,4.1,
ESTAT:SDG_11_40(1.0),11/05/23 11:00:00,A,TOTAL,RT,NL,2009,3.9,
ESTAT:SDG_11_40(1.0),11/05/23 11:00:00,A,TOTAL,RT,NL,2010,3.2,
ESTAT:SDG_11_40(1.0),11/05/23 11:00:00,A,TOTAL,RT,NL,2011,3.3,
ESTAT:SDG_11_40(1.0),11/05/23 11:00:00,A,TOTAL,RT,NL,2012,3.4,
ESTAT:SDG_11_40(1.0),11/05/23 11:00:00,A,TOTAL,RT,NL,2013,2.8,
ESTAT:SDG_11_40(1.0),11/05/23 11:00:00,A,TOTAL,RT,NL,2014,2.8,
ESTAT:SDG_11_40(1.0),11/05/23 11:00:00,A,TOTAL,RT,NL,2015,3.1,
ESTAT:SDG_11_40(1.0),11/05/23 11:00:00,A,TOTAL,RT,NL,2016,3.1,
ESTAT:SDG_11_40(1.0),11/05/23 11:00:00,A,TOTAL,RT,NL,2017,3.1,
ESTAT:SDG_11_40(1.0),11/05/23 11:00:00,A,TOTAL,RT,NL,2018,3.5,
ESTAT:SDG_11_40(1.0),11/05/23 11:00:00,A,TOTAL,RT,NL,2019,3.4,
ESTAT:SDG_11_40(1.0),11/05/23 11:00:00,A,TOTAL,RT,NL,2020,3.0,
ESTAT:SDG_11_40(1.0),11/05/23 11:00:00,A,TOTAL,RT,NL,2021,2.9,
ESTAT:SDG_11_40(1.0),11/05/23 11:00:00,A,TOTAL,RT,NO,2000,7.6,
ESTAT:SDG_11_40(1.0),11/05/23 11:00:00,A,TOTAL,RT,NO,2001,6.1,
ESTAT:SDG_11_40(1.0),11/05/23 11:00:00,A,TOTAL,RT,NO,2002,6.8,
ESTAT:SDG_11_40(1.0),11/05/23 11:00:00,A,TOTAL,RT,NO,2003,6.1,
ESTAT:SDG_11_40(1.0),11/05/23 11:00:00,A,TOTAL,RT,NO,2004,5.6,
ESTAT:SDG_11_40(1.0),11/05/23 11:00:00,A,TOTAL,RT,NO,2005,4.8,
ESTAT:SDG_11_40(1.0),11/05/23 11:00:00,A,TOTAL,RT,NO,2006,5.2,
ESTAT:SDG_11_40(1.0),11/05/23 11:00:00,A,TOTAL,RT,NO,2007,4.9,
ESTAT:SDG_11_40(1.0),11/05/23 11:00:00,A,TOTAL,RT,NO,2008,5.3,
ESTAT:SDG_11_40(1.0),11/05/23 11:00:00,A,TOTAL,RT,NO,2009,4.4,
ESTAT:SDG_11_40(1.0),11/05/23 11:00:00,A,TOTAL,RT,NO,2010,4.3,
ESTAT:SDG_11_40(1.0),11/05/23 11:00:00,A,TOTAL,RT,NO,2011,3.4,
ESTAT:SDG_11_40(1.0),11/05/23 11:00:00,A,TOTAL,RT,NO,2012,2.9,
ESTAT:SDG_11_40(1.0),11/05/23 11:00:00,A,TOTAL,RT,NO,2013,3.7,
ESTAT:SDG_11_40(1.0),11/05/23 11:00:00,A,TOTAL,RT,NO,2014,2.9,
ESTAT:SDG_11_40(1.0),11/05/23 11:00:00,A,TOTAL,RT,NO,2015,2.3,
ESTAT:SDG_11_40(1.0),11/05/23 11:00:00,A,TOTAL,RT,NO,2016,2.6,
ESTAT:SDG_11_40(1.0),11/05/23 11:00:00,A,TOTAL,RT,NO,2017,2.0,
ESTAT:SDG_11_40(1.0),11/05/23 11:00:00,A,TOTAL,RT,NO,2018,2.0,
ESTAT:SDG_11_40(1.0),11/05/23 11:00:00,A,TOTAL,RT,NO,2019,2.0,
ESTAT:SDG_11_40(1.0),11/05/23 11:00:00,A,TOTAL,RT,NO,2020,1.7,
ESTAT:SDG_11_40(1.0),11/05/23 11:00:00,A,TOTAL,RT,NO,2021,1.5,
ESTAT:SDG_11_40(1.0),11/05/23 11:00:00,A,TOTAL,RT,PL,2000,16.5,b
ESTAT:SDG_11_40(1.0),11/05/23 11:00:00,A,TOTAL,RT,PL,2001,14.5,
ESTAT:SDG_11_40(1.0),11/05/23 11:00:00,A,TOTAL,RT,PL,2002,15.2,
ESTAT:SDG_11_40(1.0),11/05/23 11:00:00,A,TOTAL,RT,PL,2003,14.8,
ESTAT:SDG_11_40(1.0),11/05/23 11:00:00,A,TOTAL,RT,PL,2004,15.0,
ESTAT:SDG_11_40(1.0),11/05/23 11:00:00,A,TOTAL,RT,PL,2005,14.3,
ESTAT:SDG_11_40(1.0),11/05/23 11:00:00,A,TOTAL,RT,PL,2006,13.7,
ESTAT:SDG_11_40(1.0),11/05/23 11:00:00,A,TOTAL,RT,PL,2007,14.6,
ESTAT:SDG_11_40(1.0),11/05/23 11:00:00,A,TOTAL,RT,PL,2008,14.3,
ESTAT:SDG_11_40(1.0),11/05/23 11:00:00,A,TOTAL,RT,PL,2009,12.0,
ESTAT:SDG_11_40(1.0),11/05/23 11:00:00,A,TOTAL,RT,PL,2010,10.3,b
ESTAT:SDG_11_40(1.0),11/05/23 11:00:00,A,TOTAL,RT,PL,2011,11.0,
ESTAT:SDG_11_40(1.0),11/05/23 11:00:00,A,TOTAL,RT,PL,2012,9.4,
ESTAT:SDG_11_40(1.0),11/05/23 11:00:00,A,TOTAL,RT,PL,2013,8.8,
ESTAT:SDG_11_40(1.0),11/05/23 11:00:00,A,TOTAL,RT,PL,2014,8.4,
ESTAT:SDG_11_40(1.0),11/05/23 11:00:00,A,TOTAL,RT,PL,2015,7.7,
ESTAT:SDG_11_40(1.0),11/05/23 11:00:00,A,TOTAL,RT,PL,2016,8.0,
ESTAT:SDG_11_40(1.0),11/05/23 11:00:00,A,TOTAL,RT,PL,2017,7.5,
ESTAT:SDG_11_40(1.0),11/05/23 11:00:00,A,TOTAL,RT,PL,2018,7.5,e
ESTAT:SDG_11_40(1.0),11/05/23 11:00:00,A,TOTAL,RT,PL,2019,7.7,e
ESTAT:SDG_11_40(1.0),11/05/23 11:00:00,A,TOTAL,RT,PL,2020,6.6,ep
ESTAT:SDG_11_40(1.0),11/05/23 11:00:00,A,TOTAL,RT,PL,2021,5.9,ep
ESTAT:SDG_11_40(1.0),11/05/23 11:00:00,A,TOTAL,RT,PT,2000,17.8,
ESTAT:SDG_11_40(1.0),11/05/23 11:00:00,A,TOTAL,RT,PT,2001,16.0,
ESTAT:SDG_11_40(1.0),11/05/23 11:00:00,A,TOTAL,RT,PT,2002,15.9,
ESTAT:SDG_11_40(1.0),11/05/23 11:00:00,A,TOTAL,RT,PT,2003,14.6,
ESTAT:SDG_11_40(1.0),11/05/23 11:00:00,A,TOTAL,RT,PT,2004,12.2,
ESTAT:SDG_11_40(1.0),11/05/23 11:00:00,A,TOTAL,RT,PT,2005,11.7,
ESTAT:SDG_11_40(1.0),11/05/23 11:00:00,A,TOTAL,RT,PT,2006,9.0,
ESTAT:SDG_11_40(1.0),11/05/23 11:00:00,A,TOTAL,RT,PT,2007,9.1,
ESTAT:SDG_11_40(1.0),11/05/23 11:00:00,A,TOTAL,RT,PT,2008,8.2,
ESTAT:SDG_11_40(1.0),11/05/23 11:00:00,A,TOTAL,RT,PT,2009,7.8,
ESTAT:SDG_11_40(1.0),11/05/23 11:00:00,A,TOTAL,RT,PT,2010,8.9,
ESTAT:SDG_11_40(1.0),11/05/23 11:00:00,A,TOTAL,RT,PT,2011,8.4,
ESTAT:SDG_11_40(1.0),11/05/23 11:00:00,A,TOTAL,RT,PT,2012,6.8,
ESTAT:SDG_11_40(1.0),11/05/23 11:00:00,A,TOTAL,RT,PT,2013,6.1,
ESTAT:SDG_11_40(1.0),11/05/23 11:00:00,A,TOTAL,RT,PT,2014,6.1,
ESTAT:SDG_11_40(1.0),11/05/23 11:00:00,A,TOTAL,RT,PT,2015,5.7,
ESTAT:SDG_11_40(1.0),11/05/23 11:00:00,A,TOTAL,RT,PT,2016,5.5,
ESTAT:SDG_11_40(1.0),11/05/23 11:00:00,A,TOTAL,RT,PT,2017,5.8,
ESTAT:SDG_11_40(1.0),11/05/23 11:00:00,A,TOTAL,RT,PT,2018,6.8,
ESTAT:SDG_11_40(1.0),11/05/23 11:00:00,A,TOTAL,RT,PT,2019,6.7,
ESTAT:SDG_11_40(1.0),11/05/23 11:00:00,A,TOTAL,RT,PT,2020,5.2,
ESTAT:SDG_11_40(1.0),11/05/23 11:00:00,A,TOTAL,RT,PT,2021,5.4,bp
ESTAT:SDG_11_40(1.0),11/05/23 11:00:00,A,TOTAL,RT,RO,2000,11.0,
ESTAT:SDG_11_40(1.0),11/05/23 11:00:00,A,TOTAL,RT,RO,2001,11.1,
ESTAT:SDG_11_40(1.0),11/05/23 11:00:00,A,TOTAL,RT,RO,2002,11.1,
ESTAT:SDG_11_40(1.0),11/05/23 11:00:00,A,TOTAL,RT,RO,2003,10.3,
ESTAT:SDG_11_40(1.0),11/05/23 11:00:00,A,TOTAL,RT,RO,2004,11.4,
ESTAT:SDG_11_40(1.0),11/05/23 11:00:00,A,TOTAL,RT,RO,2005,12.3,
ESTAT:SDG_11_40(1.0),11/05/23 11:00:00,A,TOTAL,RT,RO,2006,12.2,
ESTAT:SDG_11_40(1.0),11/05/23 11:00:00,A,TOTAL,RT,RO,2007,13.4,
ESTAT:SDG_11_40(1.0),11/05/23 11:00:00,A,TOTAL,RT,RO,2008,14.9,
ESTAT:SDG_11_40(1.0),11/05/23 11:00:00,A,TOTAL,RT,RO,2009,13.7,
ESTAT:SDG_11_40(1.0),11/05/23 11:00:00,A,TOTAL,RT,RO,2010,11.7,
ESTAT:SDG_11_40(1.0),11/05/23 11:00:00,A,TOTAL,RT,RO,2011,10.0,
ESTAT:SDG_11_40(1.0),11/05/23 11:00:00,A,TOTAL,RT,RO,2012,10.2,
ESTAT:SDG_11_40(1.0),11/05/23 11:00:00,A,TOTAL,RT,RO,2013,9.3,
ESTAT:SDG_11_40(1.0),11/05/23 11:00:00,A,TOTAL,RT,RO,2014,9.1,
ESTAT:SDG_11_40(1.0),11/05/23 11:00:00,A,TOTAL,RT,RO,2015,9.6,
ESTAT:SDG_11_40(1.0),11/05/23 11:00:00,A,TOTAL,RT,RO,2016,9.7,
ESTAT:SDG_11_40(1.0),11/05/23 11:00:00,A,TOTAL,RT,RO,2017,10.0,
ESTAT:SDG_11_40(1.0),11/05/23 11:00:00,A,TOTAL,RT,RO,2018,9.6,
ESTAT:SDG_11_40(1.0),11/05/23 11:00:00,A,TOTAL,RT,RO,2019,9.6,e
ESTAT:SDG_11_40(1.0),11/05/23 11:00:00,A,TOTAL,RT,RO,2020,8.5,e
ESTAT:SDG_11_40(1.0),11/05/23 11:00:00,A,TOTAL,RT,RO,2021,9.3,e
ESTAT:SDG_11_40(1.0),11/05/23 11:00:00,A,TOTAL,RT,SE,2000,6.7,
ESTAT:SDG_11_40(1.0),11/05/23 11:00:00,A,TOTAL,RT,SE,2001,6.6,
ESTAT:SDG_11_40(1.0),11/05/23 11:00:00,A,TOTAL,RT,SE,2002,6.3,
ESTAT:SDG_11_40(1.0),11/05/23 11:00:00,A,TOTAL,RT,SE,2003,5.9,
ESTAT:SDG_11_40(1.0),11/05/23 11:00:00,A,TOTAL,RT,SE,2004,5.3,
ESTAT:SDG_11_40(1.0),11/05/23 11:00:00,A,TOTAL,RT,SE,2005,4.9,
ESTAT:SDG_11_40(1.0),11/05/23 11:00:00,A,TOTAL,RT,SE,2006,4.9,
ESTAT:SDG_11_40(1.0),11/05/23 11:00:00,A,TOTAL,RT,SE,2007,5.1,
ESTAT:SDG_11_40(1.0),11/05/23 11:00:00,A,TOTAL,RT,SE,2008,4.3,
ESTAT:SDG_11_40(1.0),11/05/23 11:00:00,A,TOTAL,RT,SE,2009,3.9,
ESTAT:SDG_11_40(1.0),11/05/23 11:00:00,A,TOTAL,RT,SE,2010,2.8,
ESTAT:SDG_11_40(1.0),11/05/23 11:00:00,A,TOTAL,RT,SE,2011,3.4,
ESTAT:SDG_11_40(1.0),11/05/23 11:00:00,A,TOTAL,RT,SE,2012,3.0,
ESTAT:SDG_11_40(1.0),11/05/23 11:00:00,A,TOTAL,RT,SE,2013,2.7,
ESTAT:SDG_11_40(1.0),11/05/23 11:00:00,A,TOTAL,RT,SE,2014,2.8,
ESTAT:SDG_11_40(1.0),11/05/23 11:00:00,A,TOTAL,RT,SE,2015,2.6,
ESTAT:SDG_11_40(1.0),11/05/23 11:00:00,A,TOTAL,RT,SE,2016,2.7,
ESTAT:SDG_11_40(1.0),11/05/23 11:00:00,A,TOTAL,RT,SE,2017,2.5,
ESTAT:SDG_11_40(1.0),11/05/23 11:00:00,A,TOTAL,RT,SE,2018,3.2,
ESTAT:SDG_11_40(1.0),11/05/23 11:00:00,A,TOTAL,RT,SE,2019,2.2,
ESTAT:SDG_11_40(1.0),11/05/23 11:00:00,A,TOTAL,RT,SE,2020,2.0,
ESTAT:SDG_11_40(1.0),11/05/23 11:00:00,A,TOTAL,RT,SE,2021,2.0,
ESTAT:SDG_11_40(1.0),11/05/23 11:00:00,A,TOTAL,RT,SI,2000,15.8,
ESTAT:SDG_11_40(1.0),11/05/23 11:00:00,A,TOTAL,RT,SI,2001,14.0,
ESTAT:SDG_11_40(1.0),11/05/23 11:00:00,A,TOTAL,RT,SI,2002,13.5,
ESTAT:SDG_11_40(1.0),11/05/23 11:00:00,A,TOTAL,RT,SI,2003,12.1,
ESTAT:SDG_11_40(1.0),11/05/23 11:00:00,A,TOTAL,RT,SI,2004,13.7,
ESTAT:SDG_11_40(1.0),11/05/23 11:00:00,A,TOTAL,RT,SI,2005,12.9,
ESTAT:SDG_11_40(1.0),11/05/23 11:00:00,A,TOTAL,RT,SI,2006,13.1,
ESTAT:SDG_11_40(1.0),11/05/23 11:00:00,A,TOTAL,RT,SI,2007,14.5,
ESTAT:SDG_11_40(1.0),11/05/23 11:00:00,A,TOTAL,RT,SI,2008,10.6,b
ESTAT:SDG_11_40(1.0),11/05/23 11:00:00,A,TOTAL,RT,SI,2009,8.4,
ESTAT:SDG_11_40(1.0),11/05/23 11:00:00,A,TOTAL,RT,SI,2010,6.7,
ESTAT:SDG_11_40(1.0),11/05/23 11:00:00,A,TOTAL,RT,SI,2011,6.9,
ESTAT:SDG_11_40(1.0),11/05/23 11:00:00,A,TOTAL,RT,SI,2012,6.3,
ESTAT:SDG_11_40(1.0),11/05/23 11:00:00,A,TOTAL,RT,SI,2013,6.1,
ESTAT:SDG_11_40(1.0),11/05/23 11:00:00,A,TOTAL,RT,SI,2014,5.2,
ESTAT:SDG_11_40(1.0),11/05/23 11:00:00,A,TOTAL,RT,SI,2015,5.8,
ESTAT:SDG_11_40(1.0),11/05/23 11:00:00,A,TOTAL,RT,SI,2016,6.3,
ESTAT:SDG_11_40(1.0),11/05/23 11:00:00,A,TOTAL,RT,SI,2017,5.0,
ESTAT:SDG_11_40(1.0),11/05/23 11:00:00,A,TOTAL,RT,SI,2018,4.4,
ESTAT:SDG_11_40(1.0),11/05/23 11:00:00,A,TOTAL,RT,SI,2019,4.9,
ESTAT:SDG_11_40(1.0),11/05/23 11:00:00,A,TOTAL,RT,SI,2020,3.8,
ESTAT:SDG_11_40(1.0),11/05/23 11:00:00,A,TOTAL,RT,SI,2021,5.4,
ESTAT:SDG_11_40(1.0),11/05/23 11:00:00,A,TOTAL,RT,SK,2000,11.7,
ESTAT:SDG_11_40(1.0),11/05/23 11:00:00,A,TOTAL,RT,SK,2001,11.6,
ESTAT:SDG_11_40(1.0),11/05/23 11:00:00,A,TOTAL,RT,SK,2002,11.6,
ESTAT:SDG_11_40(1.0),11/05/23 11:00:00,A,TOTAL,RT,SK,2003,12.2,
ESTAT:SDG_11_40(1.0),11/05/23 11:00:00,A,TOTAL,RT,SK,2004,11.3,
ESTAT:SDG_11_40(1.0),11/05/23 11:00:00,A,TOTAL,RT,SK,2005,11.3,
ESTAT:SDG_11_40(1.0),11/05/23 11:00:00,A,TOTAL,RT,SK,2006,11.4,
ESTAT:SDG_11_40(1.0),11/05/23 11:00:00,A,TOTAL,RT,SK,2007,12.3,
ESTAT:SDG_11_40(1.0),11/05/23 11:00:00,A,TOTAL,RT,SK,2008,11.3,
ESTAT:SDG_11_40(1.0),11/05/23 11:00:00,A,TOTAL,RT,SK,2009,7.1,
ESTAT:SDG_11_40(1.0),11/05/23 11:00:00,A,TOTAL,RT,SK,2010,6.9,
ESTAT:SDG_11_40(1.0),11/05/23 11:00:00,A,TOTAL,RT,SK,2011,6.0,
ESTAT:SDG_11_40(1.0),11/05/23 11:00:00,A,TOTAL,RT,SK,2012,6.5,
ESTAT:SDG_11_40(1.0),11/05/23 11:00:00,A,TOTAL,RT,SK,2013,4.6,
ESTAT:SDG_11_40(1.0),11/05/23 11:00:00,A,TOTAL,RT,SK,2014,5.4,
ESTAT:SDG_11_40(1.0),11/05/23 11:00:00,A,TOTAL,RT,SK,2015,5.7,
ESTAT:SDG_11_40(1.0),11/05/23 11:00:00,A,TOTAL,RT,SK,2016,5.1,
ESTAT:SDG_11_40(1.0),11/05/23 11:00:00,A,TOTAL,RT,SK,2017,5.1,
ESTAT:SDG_11_40(1.0),11/05/23 11:00:00,A,TOTAL,RT,SK,2018,4.8,
ESTAT:SDG_11_40(1.0),11/05/23 11:00:00,A,TOTAL,RT,SK,2019,5.0,
ESTAT:SDG_11_40(1.0),11/05/23 11:00:00,A,TOTAL,RT,SK,2020,4.5,
ESTAT:SDG_11_40(1.0),11/05/23 11:00:00,A,TOTAL,RT,SK,2021,4.5,
ESTAT:SDG_11_40(1.0),11/05/23 11:00:00,A,TOTAL,RT,UK,2000,6.1,
ESTAT:SDG_11_40(1.0),11/05/23 11:00:00,A,TOTAL,RT,UK,2001,6.1,
ESTAT:SDG_11_40(1.0),11/05/23 11:00:00,A,TOTAL,RT,UK,2002,6.0,
ESTAT:SDG_11_40(1.0),11/05/23 11:00:00,A,TOTAL,RT,UK,2003,6.1,
ESTAT:SDG_11_40(1.0),11/05/23 11:00:00,A,TOTAL,RT,UK,2004,5.6,
ESTAT:SDG_11_40(1.0),11/05/23 11:00:00,A,TOTAL,RT,UK,2005,5.5,
ESTAT:SDG_11_40(1.0),11/05/23 11:00:00,A,TOTAL,RT,UK,2006,5.4,
ESTAT:SDG_11_40(1.0),11/05/23 11:00:00,A,TOTAL,RT,UK,2007,5.0,
ESTAT:SDG_11_40(1.0),11/05/23 11:00:00,A,TOTAL,RT,UK,2008,4.3,
ESTAT:SDG_11_40(1.0),11/05/23 11:00:00,A,TOTAL,RT,UK,2009,3.8,
ESTAT:SDG_11_40(1.0),11/05/23 11:00:00,A,TOTAL,RT,UK,2010,3.0,
ESTAT:SDG_11_40(1.0),11/05/23 11:00:00,A,TOTAL,RT,UK,2011,3.1,
ESTAT:SDG_11_40(1.0),11/05/23 11:00:00,A,TOTAL,RT,UK,2012,2.8,
ESTAT:SDG_11_40(1.0),11/05/23 11:00:00,A,TOTAL,RT,UK,2013,2.8,
ESTAT:SDG_11_40(1.0),11/05/23 11:00:00,A,TOTAL,RT,UK,2014,2.9,
ESTAT:SDG_11_40(1.0),11/05/23 11:00:00,A,TOTAL,RT,UK,2015,2.8,
ESTAT:SDG_11_40(1.0),11/05/23 11:00:00,A,TOTAL,RT,UK,2016,2.8,
ESTAT:SDG_11_40(1.0),11/05/23 11:00:00,A,TOTAL,RT,UK,2017,2.8,
ESTAT:SDG_11_40(1.0),11/05/23 11:00:00,A,TOTAL,RT,UK,2018,2.8,
